id,student_id,subject_code,date,time,venue
1,1,CSE316,2026-09-15,10:00:00,"Block 34, Hall 204"
2,1,INT221,2026-09-18,14:00:00,"Block 34, Hall 205"
3,1,CSE320,2026-09-20,10:00:00,"Block 14, Hall 101"
4,1,MTH302,2026-09-22,14:00:00,"Block 10, Hall 110"
5,1,PEL136,2026-09-24,10:00:00,"Block 33, Hall 102"
6,1,CSE205,2026-09-26,14:00:00,"Block 34, Hall 204"
7,1,INT205,2026-09-28,10:00:00,"Block 32, Hall 201"
8,1,CSE276,2026-09-30,14:00:00,"Block 14, Hall 102"
9,1,CSE306,2026-10-02,10:00:00,"Block 34, Hall 205"
